L1	CLsat1	155.8	CLsat2	101.4	-54.4	SEED_WITH_COMPETITOR
L2	CLsat1	154.1	CLsat2	102.2	-51.9	SEED_WITH_COMPETITOR
L3	CLsat1	150.3	CLsat2	100.7	-49.6	SEED_WITH_COMPETITOR
L4	SEED_CONFLICT		CLsat1	165.6	165.6	SEED_CONTRADICTION
L5	CLsat3	149.1	CLsat2	106.9	-42.2	SEED_WITH_COMPETITOR
L6	CLsat1	163.3	CLsat3	148.1	-15.2	SEED_WITH_COMPETITOR
L7	CLsat1	161.1	CLsat2	105.8	-55.3	SEED_WITH_COMPETITOR
L8	SEED_CONFLICT		CLsat1	150.9	150.9	SEED_CONTRADICTION
L9	SEED_CONFLICT		CLsat1	152.8	152.8	SEED_CONTRADICTION
L10	CLsat1	149.3	CLsat2	99.6	-49.7	SEED_WITH_COMPETITOR
L11	SEED_CONFLICT		CLsat1	151.9	151.9	SEED_CONTRADICTION
L12	CLsat3	65.7	CLsat1	67.8	2.1	SEED_WITH_COMPETITOR
L13	CLsat3	83.7	CLsat1	79	-4.7	SEED_WITH_COMPETITOR
L14	CLsat3	80.5	CLsat1	76.7	-3.8	SEED_WITH_COMPETITOR
L15	SEED_CONFLICT		CLsat1	163.9	163.9	SEED_CONTRADICTION
L16	CLsat3	163.1	CLsat2	97.8	-65.3	SEED_WITH_COMPETITOR
L17	CLsat3	164.6	CLsat1	160.3	-4.3	SEED_WITH_COMPETITOR
L18	CLsat1	164	CLsat2	107.8	-56.2	SEED_WITH_COMPETITOR
L19	SEED_CONFLICT		CLsat1	159.6	159.6	SEED_CONTRADICTION
L20	SEED_CONFLICT		CLsat1	163.4	163.4	SEED_CONTRADICTION
L21	SEED_CONFLICT		CLsat1	153.6	153.6	SEED_CONTRADICTION
L22	SEED_CONFLICT		CLsat1	157.8	157.8	SEED_CONTRADICTION
L23	SEED_CONFLICT		CLsat1	158.8	158.8	SEED_CONTRADICTION
L24	CLsat1	150.7	CLsat2	102.4	-48.3	SEED_WITH_COMPETITOR
L25	SEED_CONFLICT		CLsat1	165	165	SEED_CONTRADICTION
L26	CLsat1	153.2	CLsat3	162.9	9.7	SEED_WITH_COMPETITOR
L27	CLsat1	164	CLsat2	109.6	-54.4	SEED_WITH_COMPETITOR
L28	CLsat1	154.4	CLsat2	105.6	-48.8	SEED_WITH_COMPETITOR
L29	SEED_CONFLICT		CLsat1	160.7	160.7	SEED_CONTRADICTION
L30	SEED_CONFLICT		CLsat1	157.1	157.1	SEED_CONTRADICTION
L31	SEED_CONFLICT		CLsat3	168.1	168.1	SEED_CONTRADICTION
L32	SEED_CONFLICT		CLsat1	154	154	SEED_CONTRADICTION
L33	SEED_CONFLICT		CLsat1	161.5	161.5	SEED_CONTRADICTION
L34	CLsat1	160.5	CLsat2	105.4	-55.1	SEED_WITH_COMPETITOR
L35	CLsat1	152.7	CLsat2	100.4	-52.3	SEED_WITH_COMPETITOR
L36	SEED_CONFLICT		CLsat1	161.6	161.6	SEED_CONTRADICTION
L37	CLsat1	155	CLsat2	99.5	-55.5	SEED_WITH_COMPETITOR
L38	CLsat1	146.6	CLsat2	92.3	-54.3	SEED_WITH_COMPETITOR
L39	CLsat1	147.7	CLsat2	93.9	-53.8	SEED_WITH_COMPETITOR
L40	CLsat1	162.5	CLsat2	109.9	-52.6	SEED_WITH_COMPETITOR
L41	SEED_CONFLICT		CLsat3	168.5	168.5	SEED_CONTRADICTION
L42	CLsat3	131.3	CLsat2	99.6	-31.7	SEED_WITH_COMPETITOR
L43	CLsat3	112.8	CLsat1	110	-2.8	SEED_WITH_COMPETITOR
L44	SEED_CONFLICT		CLsat3	159.1	159.1	SEED_CONTRADICTION
L45	CLsat3	143.1	CLsat1	106.1	-37	SEED_WITH_COMPETITOR
L46	SEED_CONFLICT		CLsat3	178.4	178.4	SEED_CONTRADICTION
L47	SEED_CONFLICT		CLsat1	161	161	SEED_CONTRADICTION
L48	CLsat1	160.7	CLsat2	109.1	-51.6	SEED_WITH_COMPETITOR
L49	CLsat1	151.8	CLsat3	159.9	8.1	SEED_WITH_COMPETITOR
L50	SEED_CONFLICT		CLsat3	167.5	167.5	SEED_CONTRADICTION
L51	CLsat1	145.9	CLsat2	97.8	-48.1	SEED_WITH_COMPETITOR
L52	SEED_CONFLICT		CLsat3	174	174	SEED_CONTRADICTION
L53	CLsat3	161.8	CLsat1	157.7	-4.1	SEED_WITH_COMPETITOR
L54	CLsat1	165.6	CLsat2	108.1	-57.5	SEED_WITH_COMPETITOR
L55	SEED_CONFLICT		CLsat3	177.1	177.1	SEED_CONTRADICTION
L56	CLsat1	150.3	CLsat2	101.3	-49	SEED_WITH_COMPETITOR
L57	CLsat1	158.3	CLsat2	103	-55.3	SEED_WITH_COMPETITOR
L58	SEED_CONFLICT		CLsat3	161.3	161.3	SEED_CONTRADICTION
L59	CLsat1	153.4	CLsat2	103.5	-49.9	SEED_WITH_COMPETITOR
L60	CLsat1	157.7	CLsat2	104.8	-52.9	SEED_WITH_COMPETITOR
L61	CLsat1	153	CLsat2	112.4	-40.6	SEED_WITH_COMPETITOR
L62	CLsat1	149.1	CLsat2	102.5	-46.6	SEED_WITH_COMPETITOR
L63	SEED_CONFLICT		CLsat3	168.4	168.4	SEED_CONTRADICTION
L64	CLsat1	151.1	CLsat2	103.1	-48	SEED_WITH_COMPETITOR
L65	CLsat1	163.4	CLsat2	107.6	-55.8	SEED_WITH_COMPETITOR
L66	SEED_CONFLICT		CLsat3	170.6	170.6	SEED_CONTRADICTION
L67	SEED_CONFLICT		CLsat3	175.9	175.9	SEED_CONTRADICTION
L68	CLsat3	165.6	CLsat2	101.8	-63.8	SEED_WITH_COMPETITOR
L69	CLsat1	159.8	CLsat2	107.8	-52	SEED_WITH_COMPETITOR
L70	CLsat1	163.7	CLsat2	110.4	-53.3	SEED_WITH_COMPETITOR
L71	CLsat1	153.8	CLsat2	99.4	-54.4	SEED_WITH_COMPETITOR
L72	CLsat1	162.3	CLsat3	156.9	-5.4	SEED_WITH_COMPETITOR
L73	SEED_CONFLICT		CLsat3	163.2	163.2	SEED_CONTRADICTION
L74	CLsat1	151.5	CLsat2	101.9	-49.6	SEED_WITH_COMPETITOR
L75	CLsat1	141.4	CLsat3	154	12.6	SEED_WITH_COMPETITOR
L76	CLsat1	161.2	CLsat3	155.6	-5.6	SEED_WITH_COMPETITOR
L77	SEED_CONFLICT		CLsat3	173.3	173.3	SEED_CONTRADICTION
L78	CLsat3	176.9	CLsat2	105.9	-71	SEED_WITH_COMPETITOR
L79	CLsat3	169.8	CLsat2	105.1	-64.7	SEED_WITH_COMPETITOR
L80	SEED_CONFLICT		CLsat3	169.3	169.3	SEED_CONTRADICTION
L81	CLsat3	181.7	CLsat2	105.6	-76.1	SEED_WITH_COMPETITOR
L82	CLsat1	151.6	CLsat2	103	-48.6	SEED_WITH_COMPETITOR
L83	CLsat3	173.3	CLsat2	106.4	-66.9	SEED_WITH_COMPETITOR
L84	SEED_CONFLICT		CLsat3	164.2	164.2	SEED_CONTRADICTION
L85	SEED_CONFLICT		CLsat3	179.2	179.2	SEED_CONTRADICTION
L86	CLsat1	160	CLsat2	108.7	-51.3	SEED_WITH_COMPETITOR
L87	CLsat1	159.2	CLsat2	104.6	-54.6	SEED_WITH_COMPETITOR
L88	SEED_CONFLICT		CLsat3	180.8	180.8	SEED_CONTRADICTION
L89	SEED_CONFLICT		CLsat3	175.4	175.4	SEED_CONTRADICTION
L90	SEED_CONFLICT		CLsat3	164.4	164.4	SEED_CONTRADICTION
L91	CLsat1	159.8	CLsat2	105.3	-54.5	SEED_WITH_COMPETITOR
L92	CLsat1	162.3	CLsat2	108.2	-54.1	SEED_WITH_COMPETITOR
L93	SEED_CONFLICT		CLsat3	179	179	SEED_CONTRADICTION
L94	CLsat3	180	CLsat2	109.7	-70.3	SEED_WITH_COMPETITOR
L95	CLsat1	163.1	CLsat2	106.6	-56.5	SEED_WITH_COMPETITOR
L96	CLsat3	164.6	CLsat2	101.1	-63.5	SEED_WITH_COMPETITOR
L97	CLsat1	164.5	CLsat2	109.6	-54.9	SEED_WITH_COMPETITOR
L98	CLsat1	152.6	CLsat2	102	-50.6	SEED_WITH_COMPETITOR
L99	CLsat1	160	CLsat2	109	-51	SEED_WITH_COMPETITOR
L100	CLsat3	179.3	CLsat2	110.5	-68.8	SEED_WITH_COMPETITOR
L101	CLsat1	151.9	CLsat2	101.9	-50	SEED_WITH_COMPETITOR
L102	CLsat1	165.7	CLsat2	108.1	-57.6	SEED_WITH_COMPETITOR
L103	CLsat3	166	CLsat2	99.6	-66.4	SEED_WITH_COMPETITOR
L104	CLsat3	176.7	CLsat2	110.5	-66.2	SEED_WITH_COMPETITOR
L105	CLsat1	152.5	CLsat2	101.2	-51.3	SEED_WITH_COMPETITOR
L106	CLsat3	172.8	CLsat2	103.8	-69	SEED_WITH_COMPETITOR
L107	SEED_CONFLICT		CLsat3	162.7	162.7	SEED_CONTRADICTION
L108	CLsat3	127.1	CLsat1	105.1	-22	SEED_WITH_COMPETITOR
L109	SEED_CONFLICT		CLsat3	164.4	164.4	SEED_CONTRADICTION
L110	CLsat1	143.5	CLsat3	152.6	9.1	SEED_WITH_COMPETITOR
L111	SEED_CONFLICT		CLsat3	164.9	164.9	SEED_CONTRADICTION
L112	SEED_CONFLICT		CLsat3	167.8	167.8	SEED_CONTRADICTION
L113	SEED_CONFLICT		CLsat3	175.7	175.7	SEED_CONTRADICTION
L114	CLsat1	161.9	CLsat3	179.7	17.8	SEED_WITH_COMPETITOR
L115	SEED_CONFLICT		CLsat3	167	167	SEED_CONTRADICTION
L116	CLsat1	165	CLsat3	152.9	-12.1	SEED_WITH_COMPETITOR
L117	CLsat1	164	CLsat3	176.8	12.8	SEED_WITH_COMPETITOR
L118	CLsat3	82.1	CLsat1	73.5	-8.6	SEED_WITH_COMPETITOR
L119	CLsat3	77.5	CLsat1	78.9	1.4	SEED_WITH_COMPETITOR
L120	CLsat3	133.9	CLsat1	96.9	-37	SEED_WITH_COMPETITOR
L121	CLsat3	179.5	CLsat2	108	-71.5	SEED_WITH_COMPETITOR
L122	SEED_CONFLICT		CLsat3	179.1	179.1	SEED_CONTRADICTION
L123	CLsat3	179.4	CLsat2	105.6	-73.8	SEED_WITH_COMPETITOR
L124	SEED_CONFLICT		CLsat3	178.1	178.1	SEED_CONTRADICTION
L125	CLsat1	154.4	CLsat2	100.8	-53.6	SEED_WITH_COMPETITOR
L126	SEED_CONFLICT		CLsat3	167.3	167.3	SEED_CONTRADICTION
L127	SEED_CONFLICT		CLsat1	152.7	152.7	SEED_CONTRADICTION
L128	CLsat3	140.9	CLsat1	106.1	-34.8	SEED_WITH_COMPETITOR
L129	CLsat3	141.5	CLsat1	105.5	-36	SEED_WITH_COMPETITOR
L130	CLsat3	104.5	CLsat1	106.9	2.4	SEED_WITH_COMPETITOR
L131	SEED_CONFLICT		CLsat3	176.2	176.2	SEED_CONTRADICTION
L132	SEED_CONFLICT		CLsat3	165.6	165.6	SEED_CONTRADICTION
L133	CLsat1	154.7	CLsat2	104.3	-50.4	SEED_WITH_COMPETITOR
L134	SEED_CONFLICT		CLsat3	170.1	170.1	SEED_CONTRADICTION
L135	CLsat1	149.9	CLsat2	97.4	-52.5	SEED_WITH_COMPETITOR
L136	CLsat1	149.6	CLsat2	99.6	-50	SEED_WITH_COMPETITOR
L137	CLsat1	156	CLsat2	103.2	-52.8	SEED_WITH_COMPETITOR
L138	CLsat1	166.6	CLsat3	178.4	11.8	SEED_WITH_COMPETITOR
L139	SEED_CONFLICT		CLsat3	175.7	175.7	SEED_CONTRADICTION
L140	SEED_CONFLICT		CLsat3	172.2	172.2	SEED_CONTRADICTION
L141	CLsat1	156.3	CLsat3	162.2	5.9	SEED_WITH_COMPETITOR
L142	CLsat1	163	CLsat2	108.2	-54.8	SEED_WITH_COMPETITOR
L143	CLsat1	162	CLsat3	174.1	12.1	SEED_WITH_COMPETITOR
L144	CLsat1	159.3	CLsat3	182.3	23	SEED_CONTRADICTION
L145	CLsat1	156.4	CLsat2	104.9	-51.5	SEED_WITH_COMPETITOR
L146	CLsat3	66.5	CLsat1	72.9	6.4	SEED_WITH_COMPETITOR
L147	SEED_CONFLICT		CLsat1	166.3	166.3	SEED_CONTRADICTION
L148	CLsat1	154.1	CLsat2	103.1	-51	SEED_WITH_COMPETITOR
L149	CLsat1	155.3	CLsat2	102.9	-52.4	SEED_WITH_COMPETITOR
L150	SEED_CONFLICT		CLsat3	176.8	176.8	SEED_CONTRADICTION
L151	CLsat3	167.4	CLsat1	154.8	-12.6	SEED_WITH_COMPETITOR
L152	CLsat1	156	CLsat2	102.5	-53.5	SEED_WITH_COMPETITOR
L153	SEED_CONFLICT		CLsat3	177.3	177.3	SEED_CONTRADICTION
L154	CLsat3	169.6	CLsat1	156.5	-13.1	SEED_WITH_COMPETITOR
L155	CLsat1	154.9	CLsat3	143.2	-11.7	SEED_WITH_COMPETITOR
L156	SEED_CONFLICT		CLsat3	177.2	177.2	SEED_CONTRADICTION
L157	CLsat1	161.4	CLsat3	177.7	16.3	SEED_WITH_COMPETITOR
L158	CLsat3	166.7	CLsat2	100.4	-66.3	SEED_WITH_COMPETITOR
L159	CLsat3	165.6	CLsat2	102.2	-63.4	SEED_WITH_COMPETITOR
L160	SEED_CONFLICT		CLsat3	168.9	168.9	SEED_CONTRADICTION
L161	SEED_CONFLICT		CLsat3	169.8	169.8	SEED_CONTRADICTION
L162	CLsat3	164.7	CLsat2	102.7	-62	SEED_WITH_COMPETITOR
L163	CLsat1	151	CLsat2	97.3	-53.7	SEED_WITH_COMPETITOR
L164	CLsat1	141.1	CLsat2	100.7	-40.4	SEED_WITH_COMPETITOR
L165	CLsat1	140.2	CLsat2	91.2	-49	SEED_WITH_COMPETITOR
L166	CLsat1	142	CLsat2	101.2	-40.8	SEED_WITH_COMPETITOR
L167	CLsat1	147.9	CLsat2	104.5	-43.4	SEED_WITH_COMPETITOR
L168	CLsat2	151.6	CLsat3	102.3	-49.3	SEED_WITH_COMPETITOR
L169	CLsat2	158.8	CLsat1	109.3	-49.5	SEED_WITH_COMPETITOR
L170	CLsat2	156.1	CLsat3	103.9	-52.2	SEED_WITH_COMPETITOR
L171	CLsat1	142.9	CLsat2	103.2	-39.7	SEED_WITH_COMPETITOR
L172	SEED_CONFLICT		CLsat1	143.6	143.6	SEED_CONTRADICTION
L173	CLsat1	149	CLsat3	125.9	-23.1	SEED_WITH_COMPETITOR
L174	CLsat1	153.1	CLsat2	108.4	-44.7	SEED_WITH_COMPETITOR
L175	CLsat1	147.3	CLsat2	101.2	-46.1	SEED_WITH_COMPETITOR
L176	CLsat1	143.5	CLsat3	122.9	-20.6	SEED_WITH_COMPETITOR
L177	CLsat2	152.8	CLsat1	151	-1.8	SEED_WITH_COMPETITOR
L178	SEED_CONFLICT		CLsat2	152.7	152.7	SEED_CONTRADICTION
L179	CLsat1	141.6	CLsat2	99.3	-42.3	SEED_WITH_COMPETITOR
L180	CLsat1	145.1	CLsat3	126.4	-18.7	SEED_WITH_COMPETITOR
L181	SEED_CONFLICT		CLsat2	155.9	155.9	SEED_CONTRADICTION
L182	CLsat2	155.7	CLsat3	109.9	-45.8	SEED_WITH_COMPETITOR
L183	CLsat3	134.4	CLsat1	142.7	8.3	SEED_WITH_COMPETITOR
L184	CLsat1	146.5	CLsat2	103.1	-43.4	SEED_WITH_COMPETITOR
L185	CLsat1	147.2	CLsat3	120.1	-27.1	SEED_WITH_COMPETITOR
L186	CLsat2	140.8	CLsat3	101.4	-39.4	SEED_WITH_COMPETITOR
L187	CLsat2	135.7	CLsat3	95.6	-40.1	SEED_WITH_COMPETITOR
L188	CLsat2	141.1	CLsat3	100.7	-40.4	SEED_WITH_COMPETITOR
L189	CLsat1	141.4	CLsat3	102.9	-38.5	SEED_WITH_COMPETITOR
L190	CLsat2	145	CLsat3	101.6	-43.4	SEED_WITH_COMPETITOR
L191	CLsat2	142.8	CLsat3	101.6	-41.2	SEED_WITH_COMPETITOR
L192	SEED_CONFLICT		CLsat1	143	143	SEED_CONTRADICTION
L193	CLsat1	141.9	CLsat2	102	-39.9	SEED_WITH_COMPETITOR
L194	SEED_CONFLICT		CLsat1	145.2	145.2	SEED_CONTRADICTION
L195	CLsat3	126.1	CLsat2	91.5	-34.6	SEED_WITH_COMPETITOR
L196	SEED_CONFLICT		CLsat2	159.9	159.9	SEED_CONTRADICTION
L197	CLsat1	152.4	CLsat2	103.6	-48.8	SEED_WITH_COMPETITOR
L198	CLsat1	149.8	CLsat2	108.6	-41.2	SEED_WITH_COMPETITOR
L199	CLsat2	146.9	CLsat3	102.4	-44.5	SEED_WITH_COMPETITOR
L200	CLsat3	136.9	CLsat2	101.5	-35.4	SEED_WITH_COMPETITOR
L201	SEED_CONFLICT		CLsat2	146.4	146.4	SEED_CONTRADICTION
L202	CLsat2	144.2	CLsat3	102.8	-41.4	SEED_WITH_COMPETITOR
L203	CLsat2	143.7	CLsat3	101.1	-42.6	SEED_WITH_COMPETITOR
L204	CLsat2	159.4	CLsat3	105.2	-54.2	SEED_WITH_COMPETITOR
L205	CLsat2	154	CLsat3	107.1	-46.9	SEED_WITH_COMPETITOR
L206	CLsat2	153.5	CLsat1	105.9	-47.6	SEED_WITH_COMPETITOR
L207	CLsat2	152.2	CLsat1	107.4	-44.8	SEED_WITH_COMPETITOR
L208	CLsat2	157.2	CLsat1	149.2	-8	SEED_WITH_COMPETITOR
L209	SEED_CONFLICT		CLsat1	145.1	145.1	SEED_CONTRADICTION
L210	CLsat1	144.8	CLsat2	104.9	-39.9	SEED_WITH_COMPETITOR
L211	CLsat2	156.7	CLsat3	107.6	-49.1	SEED_WITH_COMPETITOR
L212	CLsat2	156	CLsat3	110	-46	SEED_WITH_COMPETITOR
L213	CLsat2	161.8	CLsat1	109.2	-52.6	SEED_WITH_COMPETITOR
L214	CLsat2	156.1	CLsat3	107.7	-48.4	SEED_WITH_COMPETITOR
L215	CLsat2	153.7	CLsat1	106.8	-46.9	SEED_WITH_COMPETITOR
L216	CLsat2	155.7	CLsat1	105.2	-50.5	SEED_WITH_COMPETITOR
L217	CLsat2	155.3	CLsat3	107.8	-47.5	SEED_WITH_COMPETITOR
L218	CLsat2	155.4	CLsat1	107.2	-48.2	SEED_WITH_COMPETITOR
L219	CLsat2	156.9	CLsat3	106.4	-50.5	SEED_WITH_COMPETITOR
L220	CLsat2	156.2	CLsat1	107.5	-48.7	SEED_WITH_COMPETITOR
L221	CLsat2	157	CLsat1	104.3	-52.7	SEED_WITH_COMPETITOR
L222	CLsat2	156.9	CLsat1	106.8	-50.1	SEED_WITH_COMPETITOR
L223	CLsat2	142.1	CLsat1	100.3	-41.8	SEED_WITH_COMPETITOR
L224	CLsat2	139.4	CLsat1	98.9	-40.5	SEED_WITH_COMPETITOR
L225	CLsat2	139.9	CLsat1	97.9	-42	SEED_WITH_COMPETITOR
L226	CLsat2	138.3	CLsat3	97.6	-40.7	SEED_WITH_COMPETITOR
L227	CLsat1	141.6	CLsat2	142.5	0.9	SEED_WITH_COMPETITOR
L228	CLsat2	141.6	CLsat3	101.9	-39.7	SEED_WITH_COMPETITOR
L229	CLsat2	142	CLsat3	101.1	-40.9	SEED_WITH_COMPETITOR
L230	CLsat2	153.1	CLsat1	105.4	-47.7	SEED_WITH_COMPETITOR
L231	CLsat2	148.5	CLsat1	144.4	-4.1	SEED_WITH_COMPETITOR
L232	CLsat2	140.3	CLsat1	136.2	-4.1	SEED_WITH_COMPETITOR
L233	CLsat2	143.8	CLsat3	103.1	-40.7	SEED_WITH_COMPETITOR
L234	CLsat2	133.8	CLsat3	98.1	-35.7	SEED_WITH_COMPETITOR
L235	CLsat2	159.2	CLsat3	108.4	-50.8	SEED_WITH_COMPETITOR
L236	CLsat2	149.4	CLsat1	137.6	-11.8	SEED_WITH_COMPETITOR
L237	CLsat2	137.3	CLsat1	98.2	-39.1	SEED_WITH_COMPETITOR
L238	CLsat2	155.1	CLsat3	103.6	-51.5	SEED_WITH_COMPETITOR
L239	CLsat2	150.8	CLsat1	106.2	-44.6	SEED_WITH_COMPETITOR
L240	CLsat2	156.4	CLsat3	105	-51.4	SEED_WITH_COMPETITOR
L241	CLsat2	142.7	CLsat3	102.3	-40.4	SEED_WITH_COMPETITOR
L242	CLsat2	137.4	CLsat3	99.6	-37.8	SEED_WITH_COMPETITOR
L243	CLsat2	146.3	CLsat3	103.2	-43.1	SEED_WITH_COMPETITOR
L244	CLsat2	159.1	CLsat3	104.9	-54.2	SEED_WITH_COMPETITOR
L245	CLsat2	158.5	CLsat1	107.1	-51.4	SEED_WITH_COMPETITOR
L246	CLsat2	159.5	CLsat3	108.7	-50.8	SEED_WITH_COMPETITOR
L247	CLsat2	152.6	CLsat1	107.6	-45	SEED_WITH_COMPETITOR
L248	SEED_CONFLICT		CLsat2	150.5	150.5	SEED_CONTRADICTION
L249	CLsat1	145.1	CLsat2	142.1	-3	SEED_WITH_COMPETITOR
L250	CLsat1	144.7	CLsat2	97.4	-47.3	SEED_WITH_COMPETITOR
L251	CLsat2	157.6	CLsat3	107.2	-50.4	SEED_WITH_COMPETITOR
L252	CLsat1	146	CLsat2	102.6	-43.4	SEED_WITH_COMPETITOR
L253	CLsat2	144	CLsat3	102.9	-41.1	SEED_WITH_COMPETITOR
L254	CLsat2	157.4	CLsat1	107.4	-50	SEED_WITH_COMPETITOR
L255	CLsat2	148.1	CLsat1	141.6	-6.5	SEED_WITH_COMPETITOR
L256	SEED_CONFLICT		CLsat2	156	156	SEED_CONTRADICTION
L257	CLsat2	152.1	CLsat3	106.9	-45.2	SEED_WITH_COMPETITOR
L258	CLsat2	158.8	CLsat1	109.7	-49.1	SEED_WITH_COMPETITOR
L259	CLsat1	149.4	CLsat2	106.2	-43.2	SEED_WITH_COMPETITOR
L260	CLsat1	147	CLsat2	103.2	-43.8	SEED_WITH_COMPETITOR
L261	CLsat2	141.9	CLsat3	102.9	-39	SEED_WITH_COMPETITOR
L262	CLsat2	160.5	CLsat3	107.5	-53	SEED_WITH_COMPETITOR
L263	CLsat2	157.1	CLsat1	105.5	-51.6	SEED_WITH_COMPETITOR
L264	CLsat2	142.4	CLsat3	99.9	-42.5	SEED_WITH_COMPETITOR
L265	CLsat2	140.1	CLsat1	96.4	-43.7	SEED_WITH_COMPETITOR
L266	SEED_CONFLICT		CLsat2	151.4	151.4	SEED_CONTRADICTION
L267	SEED_CONFLICT		CLsat2	159.5	159.5	SEED_CONTRADICTION
L268	CLsat2	142.4	CLsat3	100.3	-42.1	SEED_WITH_COMPETITOR
L269	CLsat2	143.5	CLsat3	101.8	-41.7	SEED_WITH_COMPETITOR
L270	CLsat2	143.2	CLsat3	102.3	-40.9	SEED_WITH_COMPETITOR
L271	CLsat1	148.3	CLsat2	101.4	-46.9	SEED_WITH_COMPETITOR
L272	CLsat2	155.1	CLsat3	107.1	-48	SEED_WITH_COMPETITOR
L273	CLsat1	153.9	CLsat2	158.1	4.2	SEED_WITH_COMPETITOR
L274	CLsat2	143.3	CLsat3	99.6	-43.7	SEED_WITH_COMPETITOR
L275	CLsat2	142.2	CLsat3	101.9	-40.3	SEED_WITH_COMPETITOR
L276	CLsat1	141.7	CLsat2	99.5	-42.2	SEED_WITH_COMPETITOR
L277	CLsat1	142.5	CLsat2	100.1	-42.4	SEED_WITH_COMPETITOR
L278	CLsat1	137.9	CLsat2	95.7	-42.2	SEED_WITH_COMPETITOR
L279	CLsat1	162.1	CLsat2	105.9	-56.2	SEED_WITH_COMPETITOR
L280	CLsat4	121.7	CLsat1	105.6	-16.1	SEED_WITH_COMPETITOR
L281	SEED_CONFLICT		CLsat1	148.4	148.4	SEED_CONTRADICTION
L282	CLsat1	156.2	CLsat3	149.8	-6.4	SEED_WITH_COMPETITOR
L283	CLsat3	99.2	CLsat1	136.6	37.4	SEED_CONTRADICTION
L284	CLsat1	143.4	CLsat2	95.6	-47.8	SEED_WITH_COMPETITOR
L285	CLsat1	141.9	CLsat2	91.2	-50.7	SEED_WITH_COMPETITOR
L286	CLsat1	147.9	CLsat2	97.5	-50.4	SEED_WITH_COMPETITOR
L287	CLsat1	139.3	CLsat2	93.1	-46.2	SEED_WITH_COMPETITOR
L288	CLsat1	133.5	CLsat2	91.5	-42	SEED_WITH_COMPETITOR
L289	CLsat1	144.9	CLsat2	93	-51.9	SEED_WITH_COMPETITOR
L290	CLsat1	141.4	CLsat2	90.4	-51	SEED_WITH_COMPETITOR
L291	CLsat1	140.2	CLsat2	90.2	-50	SEED_WITH_COMPETITOR
L292	CLsat1	149.5	CLsat2	96.4	-53.1	SEED_WITH_COMPETITOR
L293	CLsat3	152.4	CLsat1	106.2	-46.2	SEED_WITH_COMPETITOR
L294	CLsat1	163	CLsat3	143	-20	SEED_WITH_COMPETITOR
L295	SEED_CONFLICT		CLsat1	160	160	SEED_CONTRADICTION
L296	CLsat1	154.5	CLsat2	106.3	-48.2	SEED_WITH_COMPETITOR
L297	CLsat3	160.2	CLsat2	99.9	-60.3	SEED_WITH_COMPETITOR
L298	CLsat3	162.9	CLsat1	154.7	-8.2	SEED_WITH_COMPETITOR
L299	CLsat1	160.9	CLsat2	105.7	-55.2	SEED_WITH_COMPETITOR
L300	CLsat1	150.6	CLsat2	97.8	-52.8	SEED_WITH_COMPETITOR
L301	CLsat1	151.4	CLsat2	102.9	-48.5	SEED_WITH_COMPETITOR
L302	CLsat1	164.9	CLsat2	105.8	-59.1	SEED_WITH_COMPETITOR
L303	CLsat1	141.3	CLsat2	93.3	-48	SEED_WITH_COMPETITOR
L304	CLsat1	143.1	CLsat2	95.8	-47.3	SEED_WITH_COMPETITOR
L305	CLsat1	147.2	CLsat2	94.7	-52.5	SEED_WITH_COMPETITOR
L306	CLsat1	143.2	CLsat2	97	-46.2	SEED_WITH_COMPETITOR
L307	CLsat1	141.4	CLsat2	91.5	-49.9	SEED_WITH_COMPETITOR
L308	CLsat1	152.4	CLsat2	98.1	-54.3	SEED_WITH_COMPETITOR
L309	CLsat1	155	CLsat2	99.7	-55.3	SEED_WITH_COMPETITOR
L310	CLsat1	160.1	CLsat2	109.2	-50.9	SEED_WITH_COMPETITOR
L311	SEED_CONFLICT		CLsat1	150.3	150.3	SEED_CONTRADICTION
L312	CLsat1	157.8	CLsat3	152.6	-5.2	SEED_WITH_COMPETITOR
L313	CLsat1	158.1	CLsat2	105.1	-53	SEED_WITH_COMPETITOR
L314	CLsat1	143.5	CLsat2	91.6	-51.9	SEED_WITH_COMPETITOR
L315	CLsat1	145.7	CLsat2	94.8	-50.9	SEED_WITH_COMPETITOR
L316	SEED_CONFLICT		CLsat1	161.1	161.1	SEED_CONTRADICTION
L317	CLsat1	160.2	CLsat2	106.4	-53.8	SEED_WITH_COMPETITOR
L318	CLsat1	139.5	CLsat2	96.8	-42.7	SEED_WITH_COMPETITOR
L319	CLsat1	138.1	CLsat2	90.5	-47.6	SEED_WITH_COMPETITOR
L320	CLsat1	139.9	CLsat2	90.4	-49.5	SEED_WITH_COMPETITOR
L321	CLsat1	140.1	CLsat2	91.9	-48.2	SEED_WITH_COMPETITOR
L322	CLsat1	138.3	CLsat2	89.9	-48.4	SEED_WITH_COMPETITOR
L323	CLsat1	140.4	CLsat2	91.9	-48.5	SEED_WITH_COMPETITOR
L324	CLsat1	138.4	CLsat2	92.2	-46.2	SEED_WITH_COMPETITOR
L325	SEED_CONFLICT		CLsat1	153.7	153.7	SEED_CONTRADICTION
L326	CLsat1	158.9	CLsat2	108.2	-50.7	SEED_WITH_COMPETITOR
L327	CLsat1	149.7	CLsat2	98.8	-50.9	SEED_WITH_COMPETITOR
L328	CLsat1	148.5	CLsat2	94.5	-54	SEED_WITH_COMPETITOR
L329	CLsat1	157.6	CLsat2	105.3	-52.3	SEED_WITH_COMPETITOR
L330	CLsat1	145.5	CLsat2	94.9	-50.6	SEED_WITH_COMPETITOR
L331	CLsat1	143.3	CLsat2	93.9	-49.4	SEED_WITH_COMPETITOR
L332	CLsat1	141.2	CLsat2	87.8	-53.4	SEED_WITH_COMPETITOR
L333	CLsat1	142.9	CLsat2	96.6	-46.3	SEED_WITH_COMPETITOR
L334	CLsat1	143.9	CLsat2	89.9	-54	SEED_WITH_COMPETITOR
L335	CLsat1	145.8	CLsat2	91.5	-54.3	SEED_WITH_COMPETITOR
L336	CLsat1	149	CLsat2	94.9	-54.1	SEED_WITH_COMPETITOR
L337	SEED_CONFLICT		CLsat1	150.4	150.4	SEED_CONTRADICTION
L338	CLsat1	149.9	CLsat2	94.7	-55.2	SEED_WITH_COMPETITOR
L339	CLsat1	161.5	CLsat2	106.6	-54.9	SEED_WITH_COMPETITOR
L340	CLsat1	140.5	CLsat2	92.5	-48	SEED_WITH_COMPETITOR
L341	CLsat1	134.4	CLsat2	94.7	-39.7	SEED_WITH_COMPETITOR
L342	CLsat1	140.6	CLsat2	90.7	-49.9	SEED_WITH_COMPETITOR
L343	CLsat1	154.9	CLsat2	98.9	-56	SEED_WITH_COMPETITOR
L344	CLsat1	155	CLsat2	104.1	-50.9	SEED_WITH_COMPETITOR
L345	CLsat1	146.6	CLsat2	97.6	-49	SEED_WITH_COMPETITOR
L346	CLsat1	142.4	CLsat2	92.6	-49.8	SEED_WITH_COMPETITOR
L347	CLsat1	141.2	CLsat2	89	-52.2	SEED_WITH_COMPETITOR
L348	CLsat1	144.3	CLsat2	91.9	-52.4	SEED_WITH_COMPETITOR
L349	CLsat1	138	CLsat2	89.7	-48.3	SEED_WITH_COMPETITOR
L350	CLsat1	138.4	CLsat2	90	-48.4	SEED_WITH_COMPETITOR
L351	CLsat1	144.5	CLsat2	90.8	-53.7	SEED_WITH_COMPETITOR
L352	CLsat1	162.5	CLsat2	105.9	-56.6	SEED_WITH_COMPETITOR
L353	CLsat1	158.6	CLsat2	103.5	-55.1	SEED_WITH_COMPETITOR
L354	CLsat1	147.5	CLsat2	94.4	-53.1	SEED_WITH_COMPETITOR
L355	CLsat1	163	CLsat2	105.2	-57.8	SEED_WITH_COMPETITOR
L356	CLsat1	151	CLsat2	99	-52	SEED_WITH_COMPETITOR
L357	SEED_CONFLICT		CLsat1	161.5	161.5	SEED_CONTRADICTION
L358	CLsat1	141.8	CLsat2	92.7	-49.1	SEED_WITH_COMPETITOR
L359	CLsat1	147.6	CLsat2	95.4	-52.2	SEED_WITH_COMPETITOR
L360	CLsat1	136.5	CLsat2	89	-47.5	SEED_WITH_COMPETITOR
L361	CLsat1	151.1	CLsat2	100.7	-50.4	SEED_WITH_COMPETITOR
L362	CLsat1	141.3	CLsat2	91.5	-49.8	SEED_WITH_COMPETITOR
L363	CLsat1	137.5	CLsat2	91.1	-46.4	SEED_WITH_COMPETITOR
L364	CLsat1	147.2	CLsat2	93.7	-53.5	SEED_WITH_COMPETITOR
L365	CLsat1	158.2	CLsat2	103.9	-54.3	SEED_WITH_COMPETITOR
L366	SEED_CONFLICT		CLsat1	164.1	164.1	SEED_CONTRADICTION
L367	CLsat1	151.3	CLsat2	99	-52.3	SEED_WITH_COMPETITOR
L368	CLsat1	141.4	CLsat2	97.4	-44	SEED_WITH_COMPETITOR
L369	CLsat1	141.2	CLsat2	96.3	-44.9	SEED_WITH_COMPETITOR
L370	CLsat1	143.5	CLsat2	91	-52.5	SEED_WITH_COMPETITOR
L371	CLsat1	136.4	CLsat2	92.9	-43.5	SEED_WITH_COMPETITOR
L372	CLsat1	146.3	CLsat2	97.3	-49	SEED_WITH_COMPETITOR
L373	CLsat1	163.4	CLsat2	109.2	-54.2	SEED_WITH_COMPETITOR
L374	CLsat1	160.2	CLsat2	108.3	-51.9	SEED_WITH_COMPETITOR
L375	CLsat1	158.7	CLsat3	174.6	15.9	SEED_WITH_COMPETITOR
L376	CLsat4	124.5	CLsat1	80.4	-44.1	SEED_WITH_COMPETITOR
L377	CLsat1	146.5	CLsat2	96	-50.5	SEED_WITH_COMPETITOR
L378	CLsat1	142.6	CLsat2	91.5	-51.1	SEED_WITH_COMPETITOR
L379	CLsat1	151.3	CLsat2	101.6	-49.7	SEED_WITH_COMPETITOR
L380	SEED_CONFLICT		CLsat1	150.3	150.3	SEED_CONTRADICTION
L381	CLsat1	146.8	CLsat2	93.8	-53	SEED_WITH_COMPETITOR
L382	CLsat1	146.7	CLsat2	97.1	-49.6	SEED_WITH_COMPETITOR
L383	CLsat1	138.7	CLsat2	93.3	-45.4	SEED_WITH_COMPETITOR
L384	CLsat1	129.5	CLsat2	90.1	-39.4	SEED_WITH_COMPETITOR
L385	CLsat1	144.6	CLsat2	92.8	-51.8	SEED_WITH_COMPETITOR
L386	CLsat1	146.7	CLsat2	93.7	-53	SEED_WITH_COMPETITOR
L387	CLsat1	138.8	CLsat2	92.1	-46.7	SEED_WITH_COMPETITOR
L388	CLsat1	152.9	CLsat2	100.7	-52.2	SEED_WITH_COMPETITOR
L389	CLsat1	151.9	CLsat2	99.9	-52	SEED_WITH_COMPETITOR
L390	CLsat1	152.9	CLsat2	98.5	-54.4	SEED_WITH_COMPETITOR
L391	CLsat1	150.1	CLsat2	98.6	-51.5	SEED_WITH_COMPETITOR
L392	CLsat1	165.7	CLsat2	105.7	-60	SEED_WITH_COMPETITOR
L393	CLsat1	143	CLsat2	95.2	-47.8	SEED_WITH_COMPETITOR
L394	CLsat1	151.6	CLsat2	94.4	-57.2	SEED_WITH_COMPETITOR
L395	CLsat1	140.3	CLsat2	93.7	-46.6	SEED_WITH_COMPETITOR
L396	CLsat1	139.6	CLsat2	91.2	-48.4	SEED_WITH_COMPETITOR
L397	CLsat1	142.5	CLsat2	93.1	-49.4	SEED_WITH_COMPETITOR
L398	CLsat1	156.8	CLsat2	106.9	-49.9	SEED_WITH_COMPETITOR
L399	CLsat1	148.4	CLsat2	97.2	-51.2	SEED_WITH_COMPETITOR
L400	CLsat1	143.8	CLsat2	94.1	-49.7	SEED_WITH_COMPETITOR
L401	CLsat1	161.5	CLsat2	107.6	-53.9	SEED_WITH_COMPETITOR
L402	CLsat1	151.6	CLsat2	103.9	-47.7	SEED_WITH_COMPETITOR
L403	CLsat1	139.9	CLsat2	90.1	-49.8	SEED_WITH_COMPETITOR
L404	SEED_CONFLICT		CLsat1	147.5	147.5	SEED_CONTRADICTION
L405	CLsat1	151.5	CLsat2	100.1	-51.4	SEED_WITH_COMPETITOR
L406	CLsat1	140	CLsat2	90.9	-49.1	SEED_WITH_COMPETITOR
L407	SEED_CONFLICT		CLsat1	156.4	156.4	SEED_CONTRADICTION
L408	CLsat1	143.8	CLsat2	92.8	-51	SEED_WITH_COMPETITOR
L409	CLsat1	143.5	CLsat2	92.6	-50.9	SEED_WITH_COMPETITOR
L410	SEED_CONFLICT		CLsat1	159.9	159.9	SEED_CONTRADICTION
L411	CLsat1	144.2	CLsat2	90.6	-53.6	SEED_WITH_COMPETITOR
L412	CLsat1	153.3	CLsat2	101	-52.3	SEED_WITH_COMPETITOR
L413	CLsat1	149	CLsat2	99.5	-49.5	SEED_WITH_COMPETITOR
L414	CLsat1	148.3	CLsat2	94.1	-54.2	SEED_WITH_COMPETITOR
L415	CLsat1	168.4	CLsat2	115.2	-53.2	SEED_WITH_COMPETITOR
L416	CLsat1	151.4	CLsat2	94.6	-56.8	SEED_WITH_COMPETITOR
L417	CLsat1	160.5	CLsat2	105.6	-54.9	SEED_WITH_COMPETITOR
L418	CLsat1	159.8	CLsat2	104.5	-55.3	SEED_WITH_COMPETITOR
L419	CLsat1	157.6	CLsat2	102.2	-55.4	SEED_WITH_COMPETITOR
L420	SEED_CONFLICT		CLsat1	155.7	155.7	SEED_CONTRADICTION
L421	CLsat1	163.4	CLsat2	108.5	-54.9	SEED_WITH_COMPETITOR
L422	CLsat1	140	CLsat2	92	-48	SEED_WITH_COMPETITOR
L423	CLsat1	146.4	CLsat2	96.1	-50.3	SEED_WITH_COMPETITOR
L424	CLsat1	149.7	CLsat2	100.3	-49.4	SEED_WITH_COMPETITOR
L425	CLsat1	146.6	CLsat2	93.7	-52.9	SEED_WITH_COMPETITOR
L426	CLsat1	147.3	CLsat2	95.2	-52.1	SEED_WITH_COMPETITOR
L427	CLsat1	147.9	CLsat2	94.1	-53.8	SEED_WITH_COMPETITOR
L428	CLsat1	146.3	CLsat2	95.1	-51.2	SEED_WITH_COMPETITOR
L429	CLsat1	141.5	CLsat2	93.9	-47.6	SEED_WITH_COMPETITOR
L430	CLsat1	136.7	CLsat2	91.2	-45.5	SEED_WITH_COMPETITOR
L431	CLsat1	139.3	CLsat2	89.4	-49.9	SEED_WITH_COMPETITOR
L432	CLsat1	148.6	CLsat2	96.7	-51.9	SEED_WITH_COMPETITOR
L433	CLsat1	162.1	CLsat2	108.8	-53.3	SEED_WITH_COMPETITOR
L434	CLsat1	140.7	CLsat2	90.3	-50.4	SEED_WITH_COMPETITOR
L435	CLsat1	148.9	CLsat2	95.4	-53.5	SEED_WITH_COMPETITOR
L436	CLsat1	139.1	CLsat2	91	-48.1	SEED_WITH_COMPETITOR
L437	CLsat1	145.1	CLsat2	91	-54.1	SEED_WITH_COMPETITOR
L438	CLsat1	142.6	CLsat2	90.4	-52.2	SEED_WITH_COMPETITOR
L439	CLsat1	145.2	CLsat2	99.1	-46.1	SEED_WITH_COMPETITOR
L440	CLsat1	156.3	CLsat2	102.8	-53.5	SEED_WITH_COMPETITOR
L441	CLsat1	158.9	CLsat2	107.3	-51.6	SEED_WITH_COMPETITOR
L442	CLsat1	151.4	CLsat2	103.7	-47.7	SEED_WITH_COMPETITOR
L443	CLsat1	152.9	CLsat2	97.6	-55.3	SEED_WITH_COMPETITOR
L444	CLsat1	140.9	CLsat2	89.7	-51.2	SEED_WITH_COMPETITOR
L445	CLsat1	142.9	CLsat2	91.9	-51	SEED_WITH_COMPETITOR
L446	CLsat1	159.8	CLsat2	104.4	-55.4	SEED_WITH_COMPETITOR
L447	CLsat1	145.4	CLsat2	96.1	-49.3	SEED_WITH_COMPETITOR
L448	CLsat1	142.6	CLsat2	90.3	-52.3	SEED_WITH_COMPETITOR
L449	CLsat1	161.3	CLsat2	105.9	-55.4	SEED_WITH_COMPETITOR
L450	CLsat1	151.6	CLsat2	98	-53.6	SEED_WITH_COMPETITOR
L451	CLsat1	150.8	CLsat2	96.9	-53.9	SEED_WITH_COMPETITOR
L452	CLsat1	157.9	CLsat2	102.8	-55.1	SEED_WITH_COMPETITOR
L453	CLsat1	141.2	CLsat2	91.1	-50.1	SEED_WITH_COMPETITOR
L454	CLsat1	139.8	CLsat2	86.5	-53.3	SEED_WITH_COMPETITOR
L455	CLsat1	160.1	CLsat2	106.9	-53.2	SEED_WITH_COMPETITOR
L456	CLsat1	140.7	CLsat2	92.8	-47.9	SEED_WITH_COMPETITOR
L457	CLsat1	144.7	CLsat2	95.4	-49.3	SEED_WITH_COMPETITOR
L458	CLsat1	149.4	CLsat2	95.3	-54.1	SEED_WITH_COMPETITOR
L459	CLsat1	139.7	CLsat2	90.5	-49.2	SEED_WITH_COMPETITOR
L460	CLsat1	142.3	CLsat2	90.9	-51.4	SEED_WITH_COMPETITOR
L461	CLsat1	143.4	CLsat2	90.2	-53.2	SEED_WITH_COMPETITOR
